<?xml version="1.0" encoding="utf-8"?>
<!--
- phpMyAdmin XML Dump
- version 4.9.5deb2
- https://www.phpmyadmin.net
-
- Servidor: localhost:3306
- Tiempo de generación: 15-10-2020 a las 22:56:03
- Versión del servidor: 8.0.21-0ubuntu0.20.04.4
- Versión de PHP: 7.4.3
-->

<pma_xml_export version="1.0" xmlns:pma="https://www.phpmyadmin.net/some_doc_url/">
    <!--
    - Structure schemas
    -->
    <pma:structure_schemas>
        <pma:database name="lms" collation="utf8mb4_0900_ai_ci" charset="utf8mb4">
            <pma:table name="administrador">
                CREATE TABLE `administrador` (
                  `id_administrador` int NOT NULL AUTO_INCREMENT,
                  `nombre` varchar(50) NOT NULL,
                  `email` varchar(50) NOT NULL,
                  `contraseña` varchar(200) NOT NULL,
                  PRIMARY KEY (`id_administrador`),
                  UNIQUE KEY `uq_email` (`email`)
                ) ENGINE=InnoDB DEFAULT CHARSET=utf8mb4 COLLATE=utf8mb4_0900_ai_ci;
            </pma:table>
            <pma:table name="categoria">
                CREATE TABLE `categoria` (
                  `id_categoria` int NOT NULL AUTO_INCREMENT,
                  `nombre_categoria` varchar(50) NOT NULL,
                  `ruta_icono` varchar(200) NOT NULL,
                  PRIMARY KEY (`id_categoria`),
                  UNIQUE KEY `uq_nombre_categoria` (`nombre_categoria`),
                  UNIQUE KEY `uq_ruta_icono` (`ruta_icono`)
                ) ENGINE=InnoDB DEFAULT CHARSET=utf8mb4 COLLATE=utf8mb4_0900_ai_ci;
            </pma:table>
            <pma:table name="categoria_curso">
                CREATE TABLE `categoria_curso` (
                  `id_categoria_curso` int NOT NULL AUTO_INCREMENT,
                  `id_curso` int DEFAULT NULL,
                  `id_categoria` int DEFAULT NULL,
                  PRIMARY KEY (`id_categoria_curso`),
                  KEY `fk_curso_categoria` (`id_curso`),
                  KEY `fk_categoria_curso` (`id_categoria`),
                  CONSTRAINT `fk_categoria_curso` FOREIGN KEY (`id_categoria`) REFERENCES `categoria` (`id_categoria`),
                  CONSTRAINT `fk_curso_categoria` FOREIGN KEY (`id_curso`) REFERENCES `curso` (`id_curso`)
                ) ENGINE=InnoDB DEFAULT CHARSET=utf8mb4 COLLATE=utf8mb4_0900_ai_ci;
            </pma:table>
            <pma:table name="categoria_maestro">
                CREATE TABLE `categoria_maestro` (
                  `id_categoria_maestro` int NOT NULL AUTO_INCREMENT,
                  `id_maestro` int DEFAULT NULL,
                  `id_categoria` int DEFAULT NULL,
                  PRIMARY KEY (`id_categoria_maestro`),
                  KEY `fk_maestro_categoria` (`id_maestro`),
                  KEY `fk_categoria_maestro` (`id_categoria`),
                  CONSTRAINT `fk_categoria_maestro` FOREIGN KEY (`id_categoria`) REFERENCES `categoria` (`id_categoria`),
                  CONSTRAINT `fk_maestro_categoria` FOREIGN KEY (`id_maestro`) REFERENCES `maestro` (`id_maestro`)
                ) ENGINE=InnoDB DEFAULT CHARSET=utf8mb4 COLLATE=utf8mb4_0900_ai_ci;
            </pma:table>
            <pma:table name="componente_curso">
                CREATE TABLE `componente_curso` (
                  `id_componente` int NOT NULL AUTO_INCREMENT,
                  `nombre` varchar(50) NOT NULL,
                  `tipo` varchar(50) NOT NULL,
                  `estado` int NOT NULL,
                  `ruta` varchar(255) NOT NULL,
                  PRIMARY KEY (`id_componente`),
                  UNIQUE KEY `uq_ruta` (`ruta`)
                ) ENGINE=InnoDB DEFAULT CHARSET=utf8mb4 COLLATE=utf8mb4_0900_ai_ci;
            </pma:table>
            <pma:table name="curso">
                CREATE TABLE `curso` (
                  `id_curso` int NOT NULL AUTO_INCREMENT,
                  `nombre` varchar(50) NOT NULL,
                  `estado` text NOT NULL,
                  `ruta_icono` varchar(255) NOT NULL,
                  `descripcion_curso` mediumtext NOT NULL,
                  `duracion_curso` int NOT NULL,
                  `precio_curso` int NOT NULL,
                  PRIMARY KEY (`id_curso`),
                  UNIQUE KEY `uq_nombre` (`nombre`),
                  UNIQUE KEY `uq_ruta_icono` (`ruta_icono`)
                ) ENGINE=InnoDB AUTO_INCREMENT=6 DEFAULT CHARSET=utf8mb4 COLLATE=utf8mb4_0900_ai_ci;
            </pma:table>
            <pma:table name="curso_componente">
                CREATE TABLE `curso_componente` (
                  `id_curso_componente` int NOT NULL AUTO_INCREMENT,
                  `id_curso` int DEFAULT NULL,
                  `id_componente` int DEFAULT NULL,
                  PRIMARY KEY (`id_curso_componente`),
                  KEY `fk_curso_componente` (`id_curso`),
                  KEY `fk_componente_curso` (`id_componente`),
                  CONSTRAINT `fk_componente_curso` FOREIGN KEY (`id_componente`) REFERENCES `componente_curso` (`id_componente`),
                  CONSTRAINT `fk_curso_componente` FOREIGN KEY (`id_curso`) REFERENCES `curso` (`id_curso`)
                ) ENGINE=InnoDB DEFAULT CHARSET=utf8mb4 COLLATE=utf8mb4_0900_ai_ci;
            </pma:table>
            <pma:table name="curso_estudiante">
                CREATE TABLE `curso_estudiante` (
                  `id_curso_estudiante` int NOT NULL AUTO_INCREMENT,
                  `id_curso` int DEFAULT NULL,
                  `id_estudiante` int DEFAULT NULL,
                  PRIMARY KEY (`id_curso_estudiante`),
                  KEY `fk_curso_estudiante` (`id_curso`),
                  KEY `fk_estudiante_curso` (`id_estudiante`),
                  CONSTRAINT `fk_curso_estudiante` FOREIGN KEY (`id_curso`) REFERENCES `curso` (`id_curso`),
                  CONSTRAINT `fk_estudiante_curso` FOREIGN KEY (`id_estudiante`) REFERENCES `estudiante` (`id_estudiante`)
                ) ENGINE=InnoDB AUTO_INCREMENT=5 DEFAULT CHARSET=utf8mb4 COLLATE=utf8mb4_0900_ai_ci;
            </pma:table>
            <pma:table name="curso_maestro">
                CREATE TABLE `curso_maestro` (
                  `id_curso_maestro` int NOT NULL AUTO_INCREMENT,
                  `id_curso` int DEFAULT NULL,
                  `id_maestro` int DEFAULT NULL,
                  PRIMARY KEY (`id_curso_maestro`),
                  KEY `fk_curso_m` (`id_curso`),
                  KEY `fk_maestro_curso` (`id_maestro`),
                  CONSTRAINT `fk_curso_m` FOREIGN KEY (`id_curso`) REFERENCES `curso` (`id_curso`),
                  CONSTRAINT `fk_maestro_curso` FOREIGN KEY (`id_maestro`) REFERENCES `maestro` (`id_maestro`)
                ) ENGINE=InnoDB DEFAULT CHARSET=utf8mb4 COLLATE=utf8mb4_0900_ai_ci;
            </pma:table>
            <pma:table name="estudiante">
                CREATE TABLE `estudiante` (
                  `id_estudiante` int NOT NULL AUTO_INCREMENT,
                  `nombre` varchar(50) NOT NULL,
                  `email` varchar(50) NOT NULL,
                  `contraseña` varchar(200) NOT NULL,
                  PRIMARY KEY (`id_estudiante`),
                  UNIQUE KEY `uq_email` (`email`)
                ) ENGINE=InnoDB AUTO_INCREMENT=8 DEFAULT CHARSET=utf8mb4 COLLATE=utf8mb4_0900_ai_ci;
            </pma:table>
            <pma:table name="maestro">
                CREATE TABLE `maestro` (
                  `id_maestro` int NOT NULL AUTO_INCREMENT,
                  `nombre` varchar(50) NOT NULL,
                  `email` varchar(50) NOT NULL,
                  `contraseña` varchar(200) NOT NULL,
                  PRIMARY KEY (`id_maestro`),
                  UNIQUE KEY `uq_email` (`email`)
                ) ENGINE=InnoDB DEFAULT CHARSET=utf8mb4 COLLATE=utf8mb4_0900_ai_ci;
            </pma:table>
        </pma:database>
    </pma:structure_schemas>

    <!--
    - Base de datos: 'lms'
    -->
    <database name="lms">
        <!-- Tabla administrador -->
        <!-- Tabla categoria -->
        <!-- Tabla categoria_curso -->
        <!-- Tabla categoria_maestro -->
        <!-- Tabla componente_curso -->
        <!-- Tabla curso -->
        <table name="curso">
            <column name="id_curso">1</column>
            <column name="nombre">Biología</column>
            <column name="estado">ok</column>
            <column name="ruta_icono">assets/img/Biologia.png</column>
            <column name="descripcion_curso">Biología de 0 100, iremos profundizando poco a poco  desde biología celular y molecular hasta  bioquímica, codificación  y modificación del genoma humano...</column>
            <column name="duracion_curso">40</column>
            <column name="precio_curso">35000</column>
        </table>
        <table name="curso">
            <column name="id_curso">2</column>
            <column name="nombre">Fisíca </column>
            <column name="estado">ok</column>
            <column name="ruta_icono">assets/img/fisica.png</column>
            <column name="descripcion_curso">Descubirendo el universo y su funcionamiento, prediciendo el futuro alterando el tiempo y el espacio...</column>
            <column name="duracion_curso">60</column>
            <column name="precio_curso">40000</column>
        </table>
        <table name="curso">
            <column name="id_curso">3</column>
            <column name="nombre">Matematicas</column>
            <column name="estado">ok</column>
            <column name="ruta_icono">assets/img/matematicas.png</column>
            <column name="descripcion_curso">Desde aritmetica basica hasta calculo integral y algebral lineal con pyton para Inteligencia Artificial</column>
            <column name="duracion_curso">60</column>
            <column name="precio_curso">80000</column>
        </table>
        <table name="curso">
            <column name="id_curso">4</column>
            <column name="nombre">Calculo diferencial</column>
            <column name="estado">ok</column>
            <column name="ruta_icono">assets/img/calculo1.jpeg</column>
            <column name="descripcion_curso">En este curso estudiaremos las propiedades de las funciones sus operaciones, introduciremos el concepto e limite y profundizaremos en las reglas de derivación </column>
            <column name="duracion_curso">40</column>
            <column name="precio_curso">20000</column>
        </table>
        <table name="curso">
            <column name="id_curso">5</column>
            <column name="nombre">Musica</column>
            <column name="estado">ok</column>
            <column name="ruta_icono">assets/img/musica.png</column>
            <column name="descripcion_curso">Aprenderemos todo sobre el mundo de la musica </column>
            <column name="duracion_curso">40</column>
            <column name="precio_curso">5000</column>
        </table>
        <!-- Tabla curso_componente -->
        <!-- Tabla curso_estudiante -->
        <table name="curso_estudiante">
            <column name="id_curso_estudiante">1</column>
            <column name="id_curso">2</column>
            <column name="id_estudiante">5</column>
        </table>
        <table name="curso_estudiante">
            <column name="id_curso_estudiante">2</column>
            <column name="id_curso">5</column>
            <column name="id_estudiante">5</column>
        </table>
        <table name="curso_estudiante">
            <column name="id_curso_estudiante">3</column>
            <column name="id_curso">2</column>
            <column name="id_estudiante">7</column>
        </table>
        <table name="curso_estudiante">
            <column name="id_curso_estudiante">4</column>
            <column name="id_curso">3</column>
            <column name="id_estudiante">7</column>
        </table>
        <!-- Tabla curso_maestro -->
        <!-- Tabla estudiante -->
        <table name="estudiante">
            <column name="id_estudiante">5</column>
            <column name="nombre">David Castaneda</column>
            <column name="email">davidc12997@gmial.com</column>
            <column name="contraseña">$2y$04$wiDnH9lh40q9TX8r9Q25OOtX0OPZmM0J20KtEZTZfPwUp78.PSxy2</column>
        </table>
        <table name="estudiante">
            <column name="id_estudiante">6</column>
            <column name="nombre">cristian delgadillo</column>
            <column name="email">cristiannd094@gmail.com</column>
            <column name="contraseña">$2y$04$sC7UH17rQamlTrZzjgsllOkqieGbD8/uls.IiVsxoE1J/yNUTorbK</column>
        </table>
        <table name="estudiante">
            <column name="id_estudiante">7</column>
            <column name="nombre">maribel diaz</column>
            <column name="email">horaimita-9417@hotmail.com</column>
            <column name="contraseña">$2y$04$BYHYsx1oresqsdz.3JgCzuOOzlw0dB27TOQ4nChVrdDCv1yGNnenm</column>
        </table>
        <!-- Tabla maestro -->
    </database>
</pma_xml_export>